Distance (cm),Aluminum_Thickness (cm)
10,51.03493144519539
20,41.966125315548325
50,29.442904549573747
80,22.957911362776912
100,19.874577359954394
