Distance (cm),Lead_Thickness (cm)
10,6.32776463997452
20,4.422917677840297
50,1.9048469621342232
80,0.6132237535718501
100,0.0
